{
  "parent": "minecraft:item/handheld",
  "textures": {
    "layer0": "minecraft:item/iron_hoe"
  },
  "overrides": [
    {
      "predicate": {
        "custom_model_data": 1
      },
      "model": "item/putter"
    },
    {
      "predicate": {
        "custom_model_data": 2
      },
      "model": "item/iron"
    },
    {
      "predicate": {
        "custom_model_data": 3
      },
      "model": "item/wedge"
    },
    {
      "predicate": {
        "custom_model_data": 7733254
      },
      "model": "vane_trifles:item/iron_sickle"
    }
  ]
}